{
  "textScalingFactor": 0.5,
  "globalTextColor": 16777215,
  "globalTextOpacity": 200,
  "globalTextSize": 1.0,
  "enableHealthBar": true,
  "healthBarAnchor": "HEALTH",
  "fadeHealthWhenFull": false,
  "showHealthText": "ALWAYS",
  "healthTextAlign": "CENTER",
  "enableHealthForeground": true,
  "enableHealthBackground": true,
  "healthFillDirection": "HORIZONTAL",
  "healthBackgroundWidth": 184,
  "healthBackgroundHeight": 135,
  "healthBarWidth": 77,
  "healthBarHeight": 6,
  "healthBarAnimationCycles": 32,
  "healthBarFrameHeight": 32,
  "healthOverlayWidth": 192,
  "healthOverlayHeight": 142,
  "healthBarXOffset": -2,
  "healthBarYOffset": 1,
  "healthTotalXOffset": 1,
  "healthTotalYOffset": 2,
  "healthOverlayXOffset": -94,
  "healthOverlayYOffset": -124,
  "healthBackgroundXOffset": -93,
  "healthBackgroundYOffset": -124,
  "healthTextXOffset": 0,
  "healthTextYOffset": 1,
  "healthTextColor": 16777215,
  "healthTextOpacity": 200,
  "healthTextSize": 1.0,
  "healthAbsorptionTextXOffset": 60,
  "healthAbsorptionTextYOffset": 1,
  "enableStaminaBar": true,
  "staminaBarAnchor": "HUNGER",
  "fadeStaminaWhenFull": false,
  "showStaminaText": "NEVER",
  "staminaTextAlign": "CENTER",
  "enableStaminaForeground": true,
  "enableStaminaBackground": true,
  "staminaFillDirection": "HORIZONTAL",
  "staminaBackgroundWidth": 173,
  "staminaBackgroundHeight": 136,
  "staminaBarWidth": 77,
  "staminaBarHeight": 7,
  "staminaBarAnimationCycles": 32,
  "staminaBarFrameHeight": 32,
  "staminaOverlayWidth": 181,
  "staminaOverlayHeight": 177,
  "staminaOverlayXOffset": -83,
  "staminaOverlayYOffset": -124,
  "staminaBarXOffset": 3,
  "staminaBarYOffset": 0,
  "staminaTotalXOffset": -79,
  "staminaTotalYOffset": 2,
  "staminaBackgroundXOffset": -83,
  "staminaBackgroundYOffset": -124,
  "staminaTextXOffset": 3,
  "staminaTextYOffset": 3,
  "staminaTextColor": 16777215,
  "staminaTextOpacity": 200,
  "staminaTextSize": 1.0,
  "manaBarBehavior": "OFF",
  "manaBarAnchor": "ABOVE_UTILITIES",
  "enableManaBackground": true,
  "enableManaForeground": true,
  "fadeManaWhenFull": true,
  "showManaText": "WHEN_NOT_FULL",
  "manaTextAlign": "CENTER",
  "manaFillDirection": "HORIZONTAL",
  "manaBackgroundWidth": 80,
  "manaBackgroundHeight": 10,
  "manaBarWidth": 74,
  "manaBarHeight": 4,
  "manaBarAnimationCycles": 32,
  "manaBarFrameHeight": 32,
  "manaOverlayWidth": 80,
  "manaOverlayHeight": 10,
  "manaBarXOffset": 3,
  "manaBarYOffset": 3,
  "manaTotalXOffset": -40,
  "manaTotalYOffset": 0,
  "manaOverlayXOffset": 0,
  "manaOverlayYOffset": -3,
  "manaBackgroundXOffset": 0,
  "manaBackgroundYOffset": 0,
  "manaTextXOffset": 3,
  "manaTextYOffset": 3,
  "manaTextColor": 16777215,
  "manaTextOpacity": 200,
  "manaTextSize": 1.0,
  "armorBarBehavior": "HIDDEN",
  "armorBarAnchor": "ARMOR",
  "maxExpectedArmor": 20,
  "maxExpectedProt": 16,
  "armorBackgroundWidth": 80,
  "armorBackgroundHeight": 10,
  "armorBarWidth": 74,
  "armorBarHeight": 4,
  "armorBarXOffset": 3,
  "armorBarYOffset": 3,
  "armorTotalXOffset": 2,
  "armorTotalYOffset": 126,
  "enableArmorIcon": true,
  "armorIconSize": 16,
  "protOverlayAnimationCycles": 16,
  "protOverlayFrameHeight": 4,
  "armorIconXOffset": 0,
  "armorIconYOffset": 0,
  "armorTextXOffset": 3,
  "armorTextYOffset": 3,
  "armorTextColor": 16777215,
  "armorTextOpacity": 200,
  "armorTextSize": 1.0,
  "showArmorText": "NEVER",
  "armorTextAlign": "CENTER",
  "armorBackgroundXOffset": 0,
  "armorBackgroundYOffset": 0,
  "airBarBehavior": "CUSTOM",
  "airBarAnchor": "AIR",
  "airBackgroundWidth": 80,
  "airBackgroundHeight": 10,
  "airBarWidth": 74,
  "airBarHeight": 4,
  "airBarXOffset": 3,
  "airBarYOffset": 3,
  "airTotalXOffset": -78,
  "airTotalYOffset": 127,
  "enableAirIcon": true,
  "airIconSize": 16,
  "airIconXOffset": 0,
  "airIconYOffset": 0,
  "airTextXOffset": 3,
  "airTextYOffset": 3,
  "airTextColor": 16777215,
  "airTextOpacity": 200,
  "airTextSize": 1.0,
  "showAirText": "NEVER",
  "airTextAlign": "CENTER",
  "airBackgroundXOffset": 0,
  "airBackgroundYOffset": 0,
  "airBarAnimationCycles": 32,
  "airBarFrameHeight": 32,
  "airFillDirection": "HORIZONTAL"
}