{
  "fireflySpawnWeight": 800,
  "bluejaySpawnWeight": 16,
  "canarySpawnWeight": 16,
  "cardinalSpawnWeight": 16,
  "robinSpawnWeight": 16,
  "finchSpawnWeight": 16,
  "sparrowSpawnWeight": 16,
  "butterflySpawnWeight": 16,
  "snailSpawnWeight": 6,
  "snakeSpawnWeight": 8,
  "coralSnakeSpawnWeight": 8,
  "rattlesnakeSpawnWeight": 8,
  "bearSpawnWeight": 10,
  "deerSpawnWeight": 16,
  "rhinoSpawnWeight": 16,
  "lionSpawnWeight": 16,
  "elephantSpawnWeight": 10,
  "zebraSpawnWeight": 10,
  "giraffeSpawnWeight": 10,
  "hippoSpawnWeight": 16,
  "vultureSpawnWeight": 16,
  "boarSpawnWeight": 16,
  "dragonflySpawnWeight": 16,
  "catfishSpawnWeight": 6,
  "alligatorSpawnWeight": 16,
  "bassSpawnWeight": 16,
  "lizardSpawnWeight": 16,
  "tortoiseSpawnWeight": 6,
  "duckSpawnWeight": 16,
  "forestRabbitSpawnWeight": 6,
  "forestFoxSpawnWeight": 6,
  "removeSavannaFarmAnimals": true,
  "removeSwampFarmAnimals": true,
  "removeForestPigs": true
}