{
  "updateConfig": {
    "currentConfigVersion": 0,
    "enableConfigUpdates": true
  },
  "environmentConfig": {
    "doDryBiomeNightFreezing": true,
    "biomeTemperatureMultiplier": 4.0,
    "passiveFreezingCutoffTemp": 0.25,
    "nightTimeTemperatureDecrease": 0.25,
    "rainWetnessIncrease": 1,
    "touchingWaterWetnessIncrease": 5,
    "dryRate": 1,
    "onFireDryDate": 50,
    "onFireWarmRate": 50,
    "powderSnowFreezeRate": 30,
    "warmthPerLightLevel": 2,
    "minLightForWarmth": 5,
    "ultrawarmWarmRate": 15,
    "dryBiomeNightTemperature": 0.0,
    "hotFloorWarmth": 12
  }
}