{
  "weapons": {},
  "armor_sets": {
    "deadeye": {
      "armor_toughness": 0.0,
      "knockback_resistance": 0.0,
      "head": {
        "armor": 2,
        "attributes": [
          {
            "id": "ranged_weapon:haste",
            "value": 0.045,
            "operation": "MULTIPLY_BASE"
          },
          {
            "id": "ranged_weapon:damage",
            "value": 0.065,
            "operation": "MULTIPLY_BASE"
          }
        ]
      },
      "chest": {
        "armor": 3,
        "attributes": [
          {
            "id": "ranged_weapon:haste",
            "value": 0.045,
            "operation": "MULTIPLY_BASE"
          },
          {
            "id": "ranged_weapon:damage",
            "value": 0.065,
            "operation": "MULTIPLY_BASE"
          }
        ]
      },
      "legs": {
        "armor": 3,
        "attributes": [
          {
            "id": "ranged_weapon:haste",
            "value": 0.045,
            "operation": "MULTIPLY_BASE"
          },
          {
            "id": "ranged_weapon:damage",
            "value": 0.065,
            "operation": "MULTIPLY_BASE"
          }
        ]
      },
      "feet": {
        "armor": 2,
        "attributes": [
          {
            "id": "ranged_weapon:haste",
            "value": 0.045,
            "operation": "MULTIPLY_BASE"
          },
          {
            "id": "ranged_weapon:damage",
            "value": 0.065,
            "operation": "MULTIPLY_BASE"
          }
        ]
      }
    },
    "tundra_hunter": {
      "armor_toughness": 0.0,
      "knockback_resistance": 0.0,
      "head": {
        "armor": 2,
        "attributes": [
          {
            "id": "spell_power:frost",
            "value": 1.0,
            "operation": "ADDITION"
          },
          {
            "id": "ranged_weapon:damage",
            "value": 0.065,
            "operation": "MULTIPLY_BASE"
          }
        ]
      },
      "chest": {
        "armor": 3,
        "attributes": [
          {
            "id": "spell_power:frost",
            "value": 1.0,
            "operation": "ADDITION"
          },
          {
            "id": "ranged_weapon:damage",
            "value": 0.065,
            "operation": "MULTIPLY_BASE"
          }
        ]
      },
      "legs": {
        "armor": 3,
        "attributes": [
          {
            "id": "spell_power:frost",
            "value": 1.0,
            "operation": "ADDITION"
          },
          {
            "id": "ranged_weapon:damage",
            "value": 0.065,
            "operation": "MULTIPLY_BASE"
          }
        ]
      },
      "feet": {
        "armor": 2,
        "attributes": [
          {
            "id": "spell_power:frost",
            "value": 1.0,
            "operation": "ADDITION"
          },
          {
            "id": "ranged_weapon:damage",
            "value": 0.065,
            "operation": "MULTIPLY_BASE"
          }
        ]
      }
    },
    "war_archer": {
      "armor_toughness": 0.0,
      "knockback_resistance": 0.0,
      "head": {
        "armor": 3,
        "attributes": [
          {
            "id": "ranged_weapon:damage",
            "value": 0.1,
            "operation": "MULTIPLY_BASE"
          }
        ]
      },
      "chest": {
        "armor": 5,
        "attributes": [
          {
            "id": "ranged_weapon:damage",
            "value": 0.1,
            "operation": "MULTIPLY_BASE"
          }
        ]
      },
      "legs": {
        "armor": 4,
        "attributes": [
          {
            "id": "ranged_weapon:damage",
            "value": 0.1,
            "operation": "MULTIPLY_BASE"
          }
        ]
      },
      "feet": {
        "armor": 3,
        "attributes": [
          {
            "id": "ranged_weapon:damage",
            "value": 0.1,
            "operation": "MULTIPLY_BASE"
          }
        ]
      }
    }
  }
}